<?xml version="1.0" encoding="UTF-8" standalone="yes"?>
<addon id="repository.fr3n1ll0" name="[B][COLOR aqua]FR3N1LL0[/COLOR][/B]" version="0.10" provider-name="FR3N1LL0">
    <extension point="xbmc.addon.repository" name="[B][COLOR aqua]FR3N1LL0[/COLOR][/B]">
        <dir>
            <info compressed="false">https://raw.githubusercontent.com/FR3N1LL0/fr3n1ll0.github.io/master/repo/zips/addons.xml</info>
            <checksum>https://raw.githubusercontent.com/FR3N1LL0/fr3n1ll0.github.io/master/repo/zips/addons.xml.md5</checksum>
            <datadir zip="true">https://raw.githubusercontent.com/FR3N1LL0/fr3n1ll0.github.io/master/repo/zips/</datadir>
        </dir>
    </extension>
    <extension point="xbmc.addon.metadata">
        <summary>[B][COLOR aqua]FR3N1LL0[/COLOR][/B]</summary>
        <description>PRIVATE REPO. PLEASE DO NOT DISTRIBUTE.</description>
        <disclaimer></disclaimer>
        <platform>all</platform>
        <assets>
            <icon>icon.jpg</icon>
        </assets>
    </extension>
</addon>